repo_name,merged_prs,ai_prs,timestamp
ultralytics/ultralytics,78,0,2026-02-03T00:00:00
karpathy/nanoGPT,8,0,2026-02-03T00:00:00
docling-project/docling,74,0,2026-02-03T00:00:00
unslothai/unsloth,80,0,2026-02-03T00:00:00
xai-org/grok-1,5,0,2026-02-03T00:00:00
Zie619/n8n-workflows,33,0,2026-02-03T00:00:00
charlax/professional-programming,42,0,2026-02-03T00:00:00
harry0703/MoneyPrinterTurbo,75,0,2026-02-03T00:00:00
odoo/odoo,0,0,2026-02-03T00:00:00
pandas-dev/pandas,80,0,2026-02-03T00:00:00
lllyasviel/Fooocus,29,0,2026-02-03T00:00:00
minimaxir/big-list-of-naughty-strings,71,0,2026-02-03T00:00:00
run-llama/llama_index,81,0,2026-02-03T00:00:00
freqtrade/freqtrade,87,0,2026-02-03T00:00:00
mem0ai/mem0,60,0,2026-02-03T00:00:00
oobabooga/text-generation-webui,67,0,2026-02-03T00:00:00
virattt/ai-hedge-fund,17,0,2026-02-03T00:00:00
sansan0/TrendRadar,0,0,2026-02-03T00:00:00
coqui-ai/TTS,14,0,2026-02-03T00:00:00
apache/airflow,79,0,2026-02-03T00:00:00
NanmiCoder/MediaCrawler,62,0,2026-02-03T00:00:00
crewAIInc/crewAI,60,0,2026-02-03T00:00:00
streamlit/streamlit,67,0,2026-02-03T00:00:00
SimplifyJobs/Summer2026-Internships,21,0,2026-02-03T00:00:00
getsentry/sentry,75,0,2026-02-03T00:00:00
faif/python-patterns,79,0,2026-02-03T00:00:00
mitmproxy/mitmproxy,86,0,2026-02-03T00:00:00
9001/copyparty,78,0,2026-02-03T00:00:00
apachecn/ailearning,85,0,2026-02-03T00:00:00
mingrammer/diagrams,58,0,2026-02-03T00:00:00
hiroi-sora/Umi-OCR,58,0,2026-02-03T00:00:00
karpathy/nanochat,36,0,2026-02-03T00:00:00
gradio-app/gradio,91,0,2026-02-03T00:00:00
deepspeedai/DeepSpeed,85,0,2026-02-03T00:00:00
psf/black,58,0,2026-02-03T00:00:00
hpcaitech/ColossalAI,75,0,2026-02-03T00:00:00
zai-org/ChatGLM-6B,49,0,2026-02-03T00:00:00
ray-project/ray,74,0,2026-02-03T00:00:00
exo-explore/exo,76,0,2026-02-03T00:00:00
zhayujie/chatgpt-on-wechat,77,0,2026-02-03T00:00:00
chubin/cheat.sh,87,0,2026-02-03T00:00:00
ccxt/ccxt,90,0,2026-02-03T00:00:00
Aider-AI/aider,41,0,2026-02-03T00:00:00
google-research/bert,17,0,2026-02-03T00:00:00
lm-sys/FastChat,55,0,2026-02-03T00:00:00
QuivrHQ/quivr,71,0,2026-02-03T00:00:00
2noise/ChatTTS,84,0,2026-02-03T00:00:00
jingyaogong/minimind,9,0,2026-02-03T00:00:00
mindsdb/mindsdb,73,0,2026-02-03T00:00:00
gto76/python-cheatsheet,12,0,2026-02-03T00:00:00
agno-agi/agno,77,0,2026-02-03T00:00:00
LAION-AI/Open-Assistant,56,0,2026-02-03T00:00:00
httpie/cli,66,0,2026-02-03T00:00:00
TencentARC/GFPGAN,14,0,2026-02-03T00:00:00
chatchat-space/Langchain-Chatchat,76,0,2026-02-03T00:00:00
0voice/interview_internal_reference,35,0,2026-02-03T00:00:00
openai/gym,57,0,2026-02-03T00:00:00
satwikkansal/wtfpython,76,0,2026-02-03T00:00:00
babysor/MockingBird,82,0,2026-02-03T00:00:00
ManimCommunity/manim,69,0,2026-02-03T00:00:00
sqlmapproject/sqlmap,33,0,2026-02-03T00:00:00
roboflow/supervision,89,0,2026-02-03T00:00:00
microsoft/qlib,65,0,2026-02-03T00:00:00
huggingface/pytorch-image-models,67,0,2026-02-03T00:00:00
paperless-ngx/paperless-ngx,68,0,2026-02-03T00:00:00
hankcs/HanLP,54,0,2026-02-03T00:00:00
vnpy/vnpy,59,0,2026-02-03T00:00:00
XingangPan/DragGAN,18,0,2026-02-03T00:00:00
chatanywhere/GPT_API_free,1,0,2026-02-03T00:00:00
myshell-ai/OpenVoice,18,0,2026-02-03T00:00:00
666ghj/BettaFish,66,0,2026-02-03T00:00:00
BerriAI/litellm,71,0,2026-02-03T00:00:00
jax-ml/jax,79,0,2026-02-03T00:00:00
fxsjy/jieba,82,0,2026-02-03T00:00:00
geekcomputers/Python,88,0,2026-02-03T00:00:00
chenfei-wu/TaskMatrix,21,0,2026-02-03T00:00:00
RVC-Project/Retrieval-based-Voice-Conversion-WebUI,61,0,2026-02-03T00:00:00
mouredev/Hello-Python,0,0,2026-02-03T00:00:00
python-poetry/poetry,89,0,2026-02-03T00:00:00
xinntao/Real-ESRGAN,21,0,2026-02-03T00:00:00
Textualize/textual,77,0,2026-02-03T00:00:00
facebookresearch/detectron2,0,0,2026-02-03T00:00:00
Pythagora-io/gpt-pilot,46,0,2026-02-03T00:00:00
shadowsocks/shadowsocks,49,0,2026-02-03T00:00:00
lllyasviel/ControlNet,5,0,2026-02-03T00:00:00
XX-net/XX-Net,69,0,2026-02-03T00:00:00
explosion/spaCy,69,0,2026-02-03T00:00:00
certbot/certbot,78,2,2026-02-03T00:00:00
huggingface/diffusers,83,0,2026-02-03T00:00:00
ocrmypdf/OCRmyPDF,81,0,2026-02-03T00:00:00
khoj-ai/khoj,75,0,2026-02-03T00:00:00
open-mmlab/mmdetection,44,0,2026-02-03T00:00:00
0xAX/linux-insides,87,0,2026-02-03T00:00:00
facebookresearch/fairseq,58,0,2026-02-03T00:00:00
stanfordnlp/dspy,71,0,2026-02-03T00:00:00
PDFMathTranslate/PDFMathTranslate,45,0,2026-02-03T00:00:00
nicolargo/glances,56,0,2026-02-03T00:00:00
frappe/erpnext,79,0,2026-02-03T00:00:00
datalab-to/marker,76,0,2026-02-03T00:00:00
numpy/numpy,83,0,2026-02-03T00:00:00
tinygrad/tinygrad,90,0,2026-02-03T00:00:00
OWASP/CheatSheetSeries,71,0,2026-02-03T00:00:00
donnemartin/interactive-coding-challenges,81,0,2026-02-03T00:00:00
PostHog/posthog,64,0,2026-02-03T00:00:00
kovidgoyal/kitty,73,0,2026-02-03T00:00:00
tqdm/tqdm,50,0,2026-02-03T00:00:00
Lightning-AI/pytorch-lightning,87,0,2026-02-03T00:00:00
microsoft/graphrag,65,0,2026-02-03T00:00:00
s0md3v/roop,25,0,2026-02-03T00:00:00
iperov/DeepFaceLive,13,0,2026-02-03T00:00:00
trailofbits/algo,94,0,2026-02-03T00:00:00
tatsu-lab/stanford_alpaca,6,0,2026-02-03T00:00:00
dgtlmoon/changedetection.io,85,0,2026-02-03T00:00:00
encode/django-rest-framework,80,0,2026-02-03T00:00:00
openai/openai-python,58,0,2026-02-03T00:00:00
jumpserver/jumpserver,85,0,2026-02-03T00:00:00
StevenBlack/hosts,58,0,2026-02-03T00:00:00
OpenBMB/ChatDev,36,0,2026-02-03T00:00:00
ComposioHQ/awesome-claude-skills,15,0,2026-02-03T00:00:00
feder-cr/Jobs_Applier_AI_Agent_AIHawk,46,0,2026-02-03T00:00:00
meta-llama/llama3,24,0,2026-02-03T00:00:00
TauricResearch/TradingAgents,16,0,2026-02-03T00:00:00
JaidedAI/EasyOCR,65,0,2026-02-03T00:00:00
donnemartin/data-science-ipython-notebooks,31,0,2026-02-03T00:00:00
python-telegram-bot/python-telegram-bot,80,5,2026-02-03T00:00:00
chubin/wttr.in,81,0,2026-02-03T00:00:00
Ebazhanov/linkedin-skill-assessments-quizzes,92,0,2026-02-03T00:00:00
AtsushiSakai/PythonRobotics,91,0,2026-02-03T00:00:00
hpcaitech/Open-Sora,73,0,2026-02-03T00:00:00
getredash/redash,69,0,2026-02-03T00:00:00
d2l-ai/d2l-en,64,0,2026-02-03T00:00:00
google/python-fire,50,17,2026-02-03T00:00:00
Genesis-Embodied-AI/Genesis,77,0,2026-02-03T00:00:00
reflex-dev/reflex,85,0,2026-02-03T00:00:00
deezer/spleeter,51,0,2026-02-03T00:00:00
celery/celery,81,0,2026-02-03T00:00:00
stanford-oval/storm,50,0,2026-02-03T00:00:00
HKUDS/LightRAG,56,0,2026-02-03T00:00:00
521xueweihan/GitHub520,21,0,2026-02-03T00:00:00
deepinsight/insightface,64,0,2026-02-03T00:00:00
microsoft/BitNet,28,0,2026-02-03T00:00:00
microsoft/cascadia-code,62,0,2026-02-03T00:00:00
locustio/locust,80,0,2026-02-03T00:00:00
KurtBestor/Hitomi-Downloader,79,0,2026-02-03T00:00:00
Stability-AI/generative-models,46,0,2026-02-03T00:00:00
ArchiveBox/ArchiveBox,76,0,2026-02-03T00:00:00
pydantic/pydantic,73,0,2026-02-03T00:00:00
facefusion/facefusion,69,0,2026-02-03T00:00:00
nextlevelbuilder/ui-ux-pro-max-skill,58,0,2026-02-03T00:00:00
MetaCubeX/mihomo,46,0,2026-02-03T00:00:00
QwenLM/Qwen3,71,0,2026-02-03T00:00:00
ycm-core/YouCompleteMe,82,0,2026-02-03T00:00:00
WZMIAOMIAO/deep-learning-for-image-processing,91,0,2026-02-03T00:00:00
squidfunk/mkdocs-material,25,0,2026-02-03T00:00:00
huggingface/open-r1,70,0,2026-02-03T00:00:00
Vision-CAIR/MiniGPT-4,19,0,2026-02-03T00:00:00
ungoogled-software/ungoogled-chromium,94,0,2026-02-03T00:00:00
matterport/Mask_RCNN,24,0,2026-02-03T00:00:00
huggingface/smolagents,75,0,2026-02-03T00:00:00
black-forest-labs/flux,29,0,2026-02-03T00:00:00
assafelovic/gpt-researcher,61,0,2026-02-03T00:00:00
pypa/pipenv,90,0,2026-02-03T00:00:00
Cinnamon/kotaemon,67,0,2026-02-03T00:00:00
keon/algorithms,49,0,2026-02-03T00:00:00
lucidrains/vit-pytorch,41,0,2026-02-03T00:00:00
junyanz/pytorch-CycleGAN-and-pix2pix,46,0,2026-02-03T00:00:00
Fosowl/agenticSeek,45,0,2026-02-03T00:00:00
fishaudio/fish-speech,74,0,2026-02-03T00:00:00
HumanSignal/labelImg,77,0,2026-02-03T00:00:00
cookiecutter/cookiecutter,66,0,2026-02-03T00:00:00
openai/gpt-2,18,0,2026-02-03T00:00:00
searxng/searxng,91,0,2026-02-03T00:00:00
microsoft/JARVIS,24,0,2026-02-03T00:00:00
plotly/dash,75,0,2026-02-03T00:00:00
haotian-liu/LLaVA,45,0,2026-02-03T00:00:00
zulip/zulip,94,0,2026-02-03T00:00:00
langchain-ai/langgraph,41,0,2026-02-03T00:00:00
google/langextract,64,0,2026-02-03T00:00:00
mlflow/mlflow,87,0,2026-02-03T00:00:00
kovidgoyal/calibre,73,0,2026-02-03T00:00:00
spotDL/spotify-downloader,57,0,2026-02-03T00:00:00
pytorch/examples,61,0,2026-02-03T00:00:00
Delgan/loguru,76,0,2026-02-03T00:00:00
karpathy/minGPT,14,0,2026-02-03T00:00:00
pyg-team/pytorch_geometric,77,0,2026-02-03T00:00:00
Anjok07/ultimatevocalremovergui,16,0,2026-02-03T00:00:00
subframe7536/maple-font,52,0,2026-02-03T00:00:00
wangzheng0822/algo,79,0,2026-02-03T00:00:00
jhao104/proxy_pool,79,0,2026-02-03T00:00:00
sgl-project/sglang,85,0,2026-02-03T00:00:00
sinaptik-ai/pandas-ai,72,0,2026-02-03T00:00:00
zai-org/Open-AutoGLM,36,0,2026-02-03T00:00:00
sebastianruder/NLP-progress,79,0,2026-02-03T00:00:00
microsoft/VibeVoice,26,0,2026-02-03T00:00:00
deepseek-ai/DeepSeek-Coder,17,0,2026-02-03T00:00:00
OpenBMB/MiniCPM-V,69,0,2026-02-03T00:00:00
timqian/chinese-independent-blogs,73,0,2026-02-03T00:00:00
hesreallyhim/awesome-claude-code,59,0,2026-02-03T00:00:00
Sanster/IOPaint,39,0,2026-02-03T00:00:00
Vonng/ddia,88,0,2026-02-03T00:00:00
saleor/saleor,87,0,2026-02-03T00:00:00
jlowin/fastmcp,87,0,2026-02-03T00:00:00
getzep/graphiti,72,0,2026-02-03T00:00:00
vanna-ai/vanna,71,0,2026-02-03T00:00:00
ScrapeGraphAI/Scrapegraph-ai,82,0,2026-02-03T00:00:00
tornadoweb/tornado,83,0,2026-02-03T00:00:00
deepseek-ai/DeepSeek-OCR,0,0,2026-02-03T00:00:00
matplotlib/matplotlib,73,0,2026-02-03T00:00:00
magic-wormhole/magic-wormhole,89,0,2026-02-03T00:00:00
Guovin/iptv-api,5,0,2026-02-03T00:00:00
PromtEngineer/localGPT,25,0,2026-02-03T00:00:00
resemble-ai/chatterbox,43,0,2026-02-03T00:00:00
serengil/deepface,75,0,2026-02-03T00:00:00
yoheinakajima/babyagi,32,0,2026-02-03T00:00:00
Dao-AILab/flash-attention,62,0,2026-02-03T00:00:00
chriskiehl/Gooey,40,0,2026-02-03T00:00:00
microsoft/unilm,43,0,2026-02-03T00:00:00
mlc-ai/mlc-llm,89,0,2026-02-03T00:00:00
jina-ai/serve,65,0,2026-02-03T00:00:00
danielgatis/rembg,74,0,2026-02-03T00:00:00
mkdocs/mkdocs,46,0,2026-02-03T00:00:00
PrefectHQ/prefect,87,0,2026-02-03T00:00:00
modelcontextprotocol/python-sdk,71,0,2026-02-03T00:00:00
recommenders-team/recommenders,83,0,2026-02-03T00:00:00
huggingface/lerobot,64,16,2026-02-03T00:00:00
XiaoMi/ha_xiaomi_home,87,0,2026-02-03T00:00:00
ranaroussi/yfinance,77,0,2026-02-03T00:00:00
wistbean/learn_python3_spider,7,0,2026-02-03T00:00:00
openai/chatgpt-retrieval-plugin,45,0,2026-02-03T00:00:00
huggingface/datasets,88,0,2026-02-03T00:00:00
RasaHQ/rasa,40,0,2026-02-03T00:00:00
bee-san/Ciphey,53,0,2026-02-03T00:00:00
letta-ai/letta,67,0,2026-02-03T00:00:00
openai/swarm,33,0,2026-02-03T00:00:00
LiLittleCat/awesome-free-chatgpt,97,0,2026-02-03T00:00:00
SYSTRAN/faster-whisper,47,0,2026-02-03T00:00:00
Zeyi-Lin/HivisionIDPhotos,90,0,2026-02-03T00:00:00
airbytehq/airbyte,91,0,2026-02-03T00:00:00
SuperClaude-Org/SuperClaude_Framework,70,0,2026-02-03T00:00:00
graphdeco-inria/gaussian-splatting,12,0,2026-02-03T00:00:00
huggingface/peft,83,0,2026-02-03T00:00:00
emmabostian/developer-portfolios,93,0,2026-02-03T00:00:00
mementum/backtrader,34,0,2026-02-03T00:00:00
QwenLM/Qwen,82,0,2026-02-03T00:00:00
Skyvern-AI/skyvern,79,0,2026-02-03T00:00:00
onnx/onnx,78,0,2026-02-03T00:00:00
python/mypy,79,0,2026-02-03T00:00:00
wagtail/wagtail,36,0,2026-02-03T00:00:00
1Panel-dev/MaxKB,90,0,2026-02-03T00:00:00
goauthentik/authentik,93,0,2026-02-03T00:00:00
facebook/prophet,65,0,2026-02-03T00:00:00
m-bain/whisperX,50,0,2026-02-03T00:00:00
magenta/magenta,62,0,2026-02-03T00:00:00
nginx-proxy/nginx-proxy,86,0,2026-02-03T00:00:00
openai/gpt-oss,74,0,2026-02-03T00:00:00
netbox-community/netbox,91,0,2026-02-03T00:00:00
usestrix/strix,80,0,2026-02-03T00:00:00
oraios/serena,72,0,2026-02-03T00:00:00
w-okada/voice-changer,77,0,2026-02-03T00:00:00
bytedance/deer-flow,85,0,2026-02-03T00:00:00
stitionai/devika,29,0,2026-02-03T00:00:00
Jack-Cherish/python-spider,30,0,2026-02-03T00:00:00
FunAudioLLM/CosyVoice,51,0,2026-02-03T00:00:00
quantopian/zipline,59,0,2026-02-03T00:00:00
davila7/claude-code-templates,78,0,2026-02-03T00:00:00
kaixindelele/ChatPaper,28,0,2026-02-03T00:00:00
datalab-to/surya,91,0,2026-02-03T00:00:00
rsms/inter,41,0,2026-02-03T00:00:00
datawhalechina/hello-agents,79,0,2026-02-03T00:00:00
nari-labs/dia,49,0,2026-02-03T00:00:00
Avaiga/taipy,69,0,2026-02-03T00:00:00
joke2k/faker,71,0,2026-02-03T00:00:00
camel-ai/owl,73,0,2026-02-03T00:00:00
iperov/DeepFaceLab,21,0,2026-02-03T00:00:00
ymcui/Chinese-LLaMA-Alpaca,52,0,2026-02-03T00:00:00
verl-project/verl,63,0,2026-02-03T00:00:00
soxoj/maigret,87,0,2026-02-03T00:00:00
marimo-team/marimo,84,0,2026-02-03T00:00:00
kivy/kivy,75,0,2026-02-03T00:00:00
fastapi/typer,58,0,2026-02-03T00:00:00
openai/openai-agents-python,83,0,2026-02-03T00:00:00
pyscript/pyscript,84,0,2026-02-03T00:00:00
RunaCapital/awesome-oss-alternatives,70,0,2026-02-03T00:00:00
spotify/luigi,79,0,2026-02-03T00:00:00
sanic-org/sanic,80,0,2026-02-03T00:00:00
jantic/DeOldify,64,0,2026-02-03T00:00:00
miloyip/game-programmer,13,0,2026-02-03T00:00:00
index-tts/index-tts,62,0,2026-02-03T00:00:00
SWE-agent/SWE-agent,79,0,2026-02-03T00:00:00
mxrch/GHunt,47,0,2026-02-03T00:00:00
lss233/kirara-ai,68,0,2026-02-03T00:00:00
plotly/plotly.py,87,0,2026-02-03T00:00:00
huggingface/sentence-transformers,91,0,2026-02-03T00:00:00
Alibaba-NLP/DeepResearch,24,0,2026-02-03T00:00:00
eosphoros-ai/DB-GPT,90,0,2026-02-03T00:00:00
Mikubill/sd-webui-controlnet,81,0,2026-02-03T00:00:00
sczhou/CodeFormer,2,0,2026-02-03T00:00:00
apple/ml-stable-diffusion,73,0,2026-02-03T00:00:00
InstaPy/InstaPy,59,0,2026-02-03T00:00:00
KlingTeam/LivePortrait,37,0,2026-02-03T00:00:00
deepseek-ai/Janus,4,0,2026-02-03T00:00:00
emcie-co/parlant,83,0,2026-02-03T00:00:00
arc53/DocsGPT,49,0,2026-02-03T00:00:00
trekhleb/learn-python,17,0,2026-02-03T00:00:00
chidiwilliams/buzz,92,0,2026-02-03T00:00:00
openai/evals,60,0,2026-02-03T00:00:00
comet-ml/opik,82,0,2026-02-03T00:00:00
fastapi/sqlmodel,73,0,2026-02-03T00:00:00
pytorch/vision,71,0,2026-02-03T00:00:00
google/adk-python,3,0,2026-02-03T00:00:00
eriklindernoren/PyTorch-GAN,7,0,2026-02-03T00:00:00
mnielsen/neural-networks-and-deep-learning,10,0,2026-02-03T00:00:00
DrewThomasson/ebook2audiobook,95,0,2026-02-03T00:00:00
onyx-dot-app/onyx,87,0,2026-02-03T00:00:00
huggingface/trl,91,0,2026-02-03T00:00:00
pallets/click,75,0,2026-02-03T00:00:00
openai/tiktoken,29,0,2026-02-03T00:00:00
TransformerOptimus/SuperAGI,79,0,2026-02-03T00:00:00
state-spaces/mamba,59,0,2026-02-03T00:00:00
binux/pyspider,55,0,2026-02-03T00:00:00
astral-sh/ty,88,0,2026-02-03T00:00:00
allenai/olmocr,14,0,2026-02-03T00:00:00
ranger/ranger,71,0,2026-02-03T00:00:00
ahujasid/blender-mcp,26,0,2026-02-03T00:00:00
fail2ban/fail2ban,73,0,2026-02-03T00:00:00
wting/autojump,58,0,2026-02-03T00:00:00
mikf/gallery-dl,70,3,2026-02-03T00:00:00
aws/aws-cli,76,0,2026-02-03T00:00:00
NVIDIA-NeMo/NeMo,87,0,2026-02-03T00:00:00
ipython/ipython,80,0,2026-02-03T00:00:00
openai/baselines,57,0,2026-02-03T00:00:00
ActivityWatch/activitywatch,61,0,2026-02-03T00:00:00
cool-RR/PySnooper,60,0,2026-02-03T00:00:00
lllyasviel/FramePack,0,0,2026-02-03T00:00:00
exaloop/codon,85,0,2026-02-03T00:00:00
networkx/networkx,58,0,2026-02-03T00:00:00
smicallef/spiderfoot,75,0,2026-02-03T00:00:00
stas00/ml-engineering,78,0,2026-02-03T00:00:00
alievk/avatarify-python,32,0,2026-02-03T00:00:00
dortania/OpenCore-Legacy-Patcher,84,0,2026-02-03T00:00:00
kvcache-ai/ktransformers,90,0,2026-02-03T00:00:00
meta-llama/codellama,11,0,2026-02-03T00:00:00
piskvorky/gensim,55,0,2026-02-03T00:00:00
xming521/WeClone,65,0,2026-02-03T00:00:00
adobe-fonts/source-han-sans,2,0,2026-02-03T00:00:00
shareAI-lab/learn-claude-code,7,0,2026-02-03T00:00:00
aio-libs/aiohttp,93,24,2026-02-03T00:00:00
lukas-blecher/LaTeX-OCR,40,0,2026-02-03T00:00:00
Evil0ctal/Douyin_TikTok_Download_API,39,0,2026-02-03T00:00:00
agentscope-ai/agentscope,81,0,2026-02-03T00:00:00
avgupta456/github-trends,95,0,2026-02-03T00:00:00
raga-ai-hub/RagaAI-Catalyst,50,0,2026-02-03T00:00:00
bbfamily/abu,0,0,2026-02-03T00:00:00
jianchang512/pyvideotrans,24,0,2026-02-03T00:00:00
akfamily/akshare,90,0,2026-02-03T00:00:00
tgbot-collection/YYeTsBot,47,0,2026-02-03T00:00:00
camel-ai/camel,81,0,2026-02-03T00:00:00
Rapptz/discord.py,71,0,2026-02-03T00:00:00
MustardChef/WSABuilds,80,0,2026-02-03T00:00:00
Huanshere/VideoLingo,56,0,2026-02-03T00:00:00
suitenumerique/docs,81,0,2026-02-03T00:00:00
hummingbot/hummingbot,56,0,2026-02-03T00:00:00
caronc/apprise,91,0,2026-02-03T00:00:00
microsoft/Swin-Transformer,26,0,2026-02-03T00:00:00
pyecharts/pyecharts,75,0,2026-02-03T00:00:00
zai-org/ChatGLM2-6B,13,0,2026-02-03T00:00:00
Kanaries/pygwalker,86,0,2026-02-03T00:00:00
browser-use/web-ui,63,0,2026-02-03T00:00:00
laramies/theHarvester,79,0,2026-02-03T00:00:00
wkentaro/labelme,85,0,2026-02-03T00:00:00
hsliuping/TradingAgents-CN,8,0,2026-02-03T00:00:00
AstrBotDevs/AstrBot,92,0,2026-02-03T00:00:00
flet-dev/flet,94,0,2026-02-03T00:00:00
rendercv/rendercv,44,0,2026-02-03T00:00:00
MatrixTM/MHDDoS,38,0,2026-02-03T00:00:00
fortra/impacket,73,0,2026-02-03T00:00:00
GaiZhenbiao/ChuanhuChatGPT,66,0,2026-02-03T00:00:00
fabric/fabric,11,0,2026-02-03T00:00:00
jaakkopasanen/AutoEq,23,0,2026-02-03T00:00:00
treeverse/dvc,92,0,2026-02-03T00:00:00
OpenEthan/SMSBoom,22,0,2026-02-03T00:00:00
edent/SuperTinyIcons,82,0,2026-02-03T00:00:00
jupyter/jupyter,73,0,2026-02-03T00:00:00
albumentations-team/albumentations,83,0,2026-02-03T00:00:00
Wan-Video/Wan2.1,24,0,2026-02-03T00:00:00
zauberzeug/nicegui,72,0,2026-02-03T00:00:00
cvat-ai/cvat,81,0,2026-02-03T00:00:00
ansible/awx,70,0,2026-02-03T00:00:00
microsoft/pyright,72,0,2026-02-03T00:00:00
mail-in-a-box/mailinabox,70,0,2026-02-03T00:00:00
langbot-app/LangBot,87,0,2026-02-03T00:00:00
NVIDIA/Megatron-LM,83,0,2026-02-03T00:00:00
facebookresearch/detr,45,0,2026-02-03T00:00:00
QwenLM/Qwen3-Coder,89,0,2026-02-03T00:00:00
lra/mackup,62,0,2026-02-03T00:00:00
apprenticeharper/DeDRM_tools,69,0,2026-02-03T00:00:00
saltstack/salt,78,0,2026-02-03T00:00:00
mindverse/Second-Me,85,0,2026-02-03T00:00:00
encode/httpx,33,0,2026-02-03T00:00:00
andkret/Cookbook,72,0,2026-02-03T00:00:00
pre-commit/pre-commit,57,0,2026-02-03T00:00:00
dagster-io/dagster,68,0,2026-02-03T00:00:00
pjialin/py12306,38,0,2026-02-03T00:00:00
bloomberg/memray,84,0,2026-02-03T00:00:00
modelscope/FunASR,87,0,2026-02-03T00:00:00
fauxpilot/fauxpilot,54,0,2026-02-03T00:00:00
llmware-ai/llmware,94,0,2026-02-03T00:00:00
LlamaFamily/Llama-Chinese,12,0,2026-02-03T00:00:00
aleju/imgaug,89,0,2026-02-03T00:00:00
s0md3v/XSStrike,63,0,2026-02-03T00:00:00
powerline/powerline,63,0,2026-02-03T00:00:00
horovod/horovod,62,0,2026-02-03T00:00:00
beetbox/beets,76,0,2026-02-03T00:00:00
pydantic/pydantic-ai,69,0,2026-02-03T00:00:00
ShangtongZhang/reinforcement-learning-an-introduction,49,0,2026-02-03T00:00:00
nltk/nltk,62,0,2026-02-03T00:00:00
SesameAILabs/csm,13,0,2026-02-03T00:00:00
gunthercox/ChatterBot,39,0,2026-02-03T00:00:00
Nuitka/Nuitka,75,0,2026-02-03T00:00:00
trustedsec/social-engineer-toolkit,69,0,2026-02-03T00:00:00
NVlabs/stylegan,0,0,2026-02-03T00:00:00
scipy/scipy,85,0,2026-02-03T00:00:00
wifiphisher/wifiphisher,61,0,2026-02-03T00:00:00
waditu/tushare,39,0,2026-02-03T00:00:00
sympy/sympy,47,0,2026-02-03T00:00:00
flairNLP/flair,79,0,2026-02-03T00:00:00
BlinkDL/RWKV-LM,3,0,2026-02-03T00:00:00
microsoft/nni,86,0,2026-02-03T00:00:00
Zulko/moviepy,58,0,2026-02-03T00:00:00
jindongwang/transferlearning,72,0,2026-02-03T00:00:00
google-deepmind/alphafold,0,0,2026-02-03T00:00:00
dmlc/dgl,77,0,2026-02-03T00:00:00
microsoft/playwright-python,86,0,2026-02-03T00:00:00
ivy-llc/ivy,91,0,2026-02-03T00:00:00
budtmo/docker-android,70,0,2026-02-03T00:00:00
pyodide/pyodide,85,0,2026-02-03T00:00:00
karpathy/llm-council,0,0,2026-02-03T00:00:00
HKUDS/DeepCode,19,0,2026-02-03T00:00:00
sivel/speedtest-cli,5,0,2026-02-03T00:00:00
PaddlePaddle/PaddleDetection,53,0,2026-02-03T00:00:00
SFTtech/openage,90,0,2026-02-03T00:00:00
geldata/gel,88,0,2026-02-03T00:00:00
agent0ai/agent-zero,57,0,2026-02-03T00:00:00
SWivid/F5-TTS,58,0,2026-02-03T00:00:00
AsyncFuncAI/deepwiki-open,66,0,2026-02-03T00:00:00
Wan-Video/Wan2.2,10,0,2026-02-03T00:00:00
google/yapf,58,0,2026-02-03T00:00:00
maurosoria/dirsearch,84,0,2026-02-03T00:00:00
idank/explainshell,11,0,2026-02-03T00:00:00
donnemartin/awesome-aws,65,0,2026-02-03T00:00:00
psf/requests-html,54,0,2026-02-03T00:00:00
netease-youdao/QAnything,80,0,2026-02-03T00:00:00
coderamp-labs/gitingest,57,0,2026-02-03T00:00:00
anthropics/claude-quickstarts,60,0,2026-02-03T00:00:00
ethereum/EIPs,69,5,2026-02-03T00:00:00
rougier/numpy-100,61,0,2026-02-03T00:00:00
zai-org/ChatGLM3,75,0,2026-02-03T00:00:00
dask/dask,82,0,2026-02-03T00:00:00
PySimpleGUI/PySimpleGUI,83,0,2026-02-03T00:00:00
mwaskom/seaborn,56,0,2026-02-03T00:00:00
LibreTranslate/LibreTranslate,83,0,2026-02-03T00:00:00
coleam00/Archon,47,0,2026-02-03T00:00:00
OpenTalker/SadTalker,17,0,2026-02-03T00:00:00
microsoft/agent-lightning,84,0,2026-02-03T00:00:00
pytest-dev/pytest,85,14,2026-02-03T00:00:00
sml2h3/ddddocr,7,0,2026-02-03T00:00:00
Comfy-Org/ComfyUI-Manager,70,0,2026-02-03T00:00:00
postmanlabs/httpbin,49,0,2026-02-03T00:00:00
optuna/optuna,82,0,2026-02-03T00:00:00
redis/redis-py,77,0,2026-02-03T00:00:00
andrewyng/aisuite,69,0,2026-02-03T00:00:00
cookiecutter/cookiecutter-django,78,0,2026-02-03T00:00:00
rossant/awesome-math,94,0,2026-02-03T00:00:00
ydataai/ydata-profiling,59,0,2026-02-03T00:00:00
dottxt-ai/outlines,80,0,2026-02-03T00:00:00
python-pillow/Pillow,88,0,2026-02-03T00:00:00
mlfoundations/open_clip,68,0,2026-02-03T00:00:00
confident-ai/deepeval,77,0,2026-02-03T00:00:00
microsoft/LoRA,20,0,2026-02-03T00:00:00
Gallopsled/pwntools,85,0,2026-02-03T00:00:00
getpelican/pelican,72,0,2026-02-03T00:00:00
QwenLM/Qwen-Agent,26,0,2026-02-03T00:00:00
Lightning-AI/litgpt,74,0,2026-02-03T00:00:00
TomSchimansky/CustomTkinter,21,0,2026-02-03T00:00:00
Free-TV/IPTV,58,0,2026-02-03T00:00:00
JoeanAmier/TikTokDownloader,2,0,2026-02-03T00:00:00
apache/tvm,83,0,2026-02-03T00:00:00
Tencent-Hunyuan/Hunyuan3D-2,26,0,2026-02-03T00:00:00
pytube/pytube,7,0,2026-02-03T00:00:00
sshuttle/sshuttle,91,0,2026-02-03T00:00:00
WEIFENG2333/VideoCaptioner,29,0,2026-02-03T00:00:00
dbcli/pgcli,77,0,2026-02-03T00:00:00
dabeaz-course/python-mastery,28,0,2026-02-03T00:00:00
FujiwaraChoki/MoneyPrinterV2,13,0,2026-02-03T00:00:00
threat9/routersploit,68,0,2026-02-03T00:00:00
PaddlePaddle/PaddleFormers,80,0,2026-02-03T00:00:00
borgbackup/borg,93,0,2026-02-03T00:00:00
PaddlePaddle/PaddleNLP,9,0,2026-02-03T00:00:00
prowler-cloud/prowler,91,0,2026-02-03T00:00:00
VectifyAI/PageIndex,7,0,2026-02-03T00:00:00
pyinstaller/pyinstaller,92,0,2026-02-03T00:00:00
jina-ai/clip-as-service,77,0,2026-02-03T00:00:00
Rudrabha/Wav2Lip,6,0,2026-02-03T00:00:00
evilsocket/opensnitch,77,0,2026-02-03T00:00:00
NVIDIA/TensorRT-LLM,80,0,2026-02-03T00:00:00
OthmanAdi/planning-with-files,12,0,2026-02-03T00:00:00
MODSetter/SurfSense,86,0,2026-02-03T00:00:00
facebookresearch/AnimatedDrawings,64,0,2026-02-03T00:00:00
ShishirPatil/gorilla,78,0,2026-02-03T00:00:00
OWASP/mastg,63,0,2026-02-03T00:00:00
DLR-RM/stable-baselines3,75,0,2026-02-03T00:00:00
ytisf/theZoo,31,0,2026-02-03T00:00:00
Jiayi-Pan/TinyZero,3,0,2026-02-03T00:00:00
s0md3v/Photon,47,0,2026-02-03T00:00:00
jacobgil/pytorch-grad-cam,60,0,2026-02-03T00:00:00
PaddlePaddle/PaddleSpeech,72,0,2026-02-03T00:00:00
pypa/pipx,78,0,2026-02-03T00:00:00
modelscope/ms-swift,87,0,2026-02-03T00:00:00
HKUDS/RAG-Anything,32,0,2026-02-03T00:00:00
vibrantlabsai/ragas,87,0,2026-02-03T00:00:00
alexta69/metube,57,0,2026-02-03T00:00:00
FlareSolverr/FlareSolverr,67,0,2026-02-03T00:00:00
xszyou/Fay,3,0,2026-02-03T00:00:00
FujiwaraChoki/MoneyPrinter,40,0,2026-02-03T00:00:00
zai-org/CogVideo,84,0,2026-02-03T00:00:00
facebookresearch/vggt,13,0,2026-02-03T00:00:00
coleam00/context-engineering-intro,1,0,2026-02-03T00:00:00
sapientinc/HRM,2,0,2026-02-03T00:00:00
ultrafunkamsterdam/undetected-chromedriver,36,0,2026-02-03T00:00:00
trycua/cua,88,0,2026-02-03T00:00:00
asweigart/pyautogui,49,0,2026-02-03T00:00:00
dbader/schedule,65,0,2026-02-03T00:00:00
smol-ai/developer,29,0,2026-02-03T00:00:00
openai/shap-e,6,0,2026-02-03T00:00:00
Datalux/Osintgram,59,0,2026-02-03T00:00:00
dbt-labs/dbt-core,44,0,2026-02-03T00:00:00
jopohl/urh,82,0,2026-02-03T00:00:00
xmu-xiaoma666/External-Attention-pytorch,30,0,2026-02-03T00:00:00
seleniumbase/SeleniumBase,83,0,2026-02-03T00:00:00
lllyasviel/stable-diffusion-webui-forge,68,0,2026-02-03T00:00:00
PKU-YuanGroup/Open-Sora-Plan,68,0,2026-02-03T00:00:00
cyrus-and/gdb-dashboard,24,0,2026-02-03T00:00:00
neuml/txtai,21,0,2026-02-03T00:00:00
bentoml/OpenLLM,79,0,2026-02-03T00:00:00
OpenMOSS/MOSS,9,0,2026-02-03T00:00:00
guofei9987/blind_watermark,8,0,2026-02-03T00:00:00
RUCAIBox/LLMSurvey,27,0,2026-02-03T00:00:00
mvt-project/mvt,79,0,2026-02-03T00:00:00
tonybeltramelli/pix2code,4,0,2026-02-03T00:00:00
The-Pocket/PocketFlow-Tutorial-Codebase-Knowledge,25,0,2026-02-03T00:00:00
secdev/scapy,98,0,2026-02-03T00:00:00
h2oai/h2ogpt,73,0,2026-02-03T00:00:00
guoyww/AnimateDiff,2,0,2026-02-03T00:00:00
matrix-org/synapse,85,0,2026-02-03T00:00:00
MemoriLabs/Memori,68,0,2026-02-03T00:00:00
bmaltais/kohya_ss,77,0,2026-02-03T00:00:00
coleifer/peewee,20,0,2026-02-03T00:00:00
dwyl/english-words,41,0,2026-02-03T00:00:00
instantX-research/InstantID,13,0,2026-02-03T00:00:00
Kludex/starlette,70,0,2026-02-03T00:00:00
dbcli/mycli,91,0,2026-02-03T00:00:00
Manisso/fsociety,25,0,2026-02-03T00:00:00
LonamiWebs/Telethon,69,0,2026-02-03T00:00:00
microsoft/TRELLIS,1,0,2026-02-03T00:00:00
TheR1D/shell_gpt,52,0,2026-02-03T00:00:00
modelscope/DiffSynth-Studio,90,0,2026-02-03T00:00:00
Tencent-Hunyuan/HunyuanVideo,16,0,2026-02-03T00:00:00
ludwig-ai/ludwig,26,0,2026-02-03T00:00:00
newren/git-filter-repo,28,0,2026-02-03T00:00:00
Dod-o/Statistical-Learning-Method_Code,4,0,2026-02-03T00:00:00
openai/spinningup,32,0,2026-02-03T00:00:00
topoteretes/cognee,65,0,2026-02-03T00:00:00
icloud-photos-downloader/icloud_photos_downloader,83,0,2026-02-03T00:00:00
Anionex/banana-slides,29,0,2026-02-03T00:00:00
instaloader/instaloader,42,0,2026-02-03T00:00:00
Chainlit/chainlit,74,0,2026-02-03T00:00:00
tadata-org/fastapi_mcp,48,0,2026-02-03T00:00:00
thuml/Time-Series-Library,71,0,2026-02-03T00:00:00
EmbraceAGI/awesome-chatgpt-zh,6,0,2026-02-03T00:00:00
sqlalchemy/sqlalchemy,22,0,2026-02-03T00:00:00
myhhub/stock,3,0,2026-02-03T00:00:00
GeeeekExplorer/nano-vllm,11,0,2026-02-03T00:00:00
hoya012/deep_learning_object_detection,8,0,2026-02-03T00:00:00
pallets/jinja,63,0,2026-02-03T00:00:00
robotframework/robotframework,59,0,2026-02-03T00:00:00
GreyDGL/PentestGPT,62,0,2026-02-03T00:00:00
mealie-recipes/mealie,90,0,2026-02-03T00:00:00
keephq/keep,56,0,2026-02-03T00:00:00
EleutherAI/lm-evaluation-harness,80,0,2026-02-03T00:00:00
benbusby/whoogle-search,66,0,2026-02-03T00:00:00
lucidrains/DALLE2-pytorch,67,0,2026-02-03T00:00:00
qubvel-org/segmentation_models.pytorch,65,0,2026-02-03T00:00:00
g1879/DrissionPage,10,0,2026-02-03T00:00:00
cleanlab/cleanlab,80,0,2026-02-03T00:00:00
darrenburns/posting,66,0,2026-02-03T00:00:00
qutebrowser/qutebrowser,78,0,2026-02-03T00:00:00
streamlink/streamlink,91,0,2026-02-03T00:00:00
Farama-Foundation/Gymnasium,79,0,2026-02-03T00:00:00
FlagOpen/FlagEmbedding,86,0,2026-02-03T00:00:00
statsmodels/statsmodels,84,0,2026-02-03T00:00:00
axolotl-ai-cloud/axolotl,84,0,2026-02-03T00:00:00
THU-MIG/yolov10,21,0,2026-02-03T00:00:00
Jack-Cherish/PythonPark,19,0,2026-02-03T00:00:00
NVlabs/stylegan2,0,0,2026-02-03T00:00:00
nerfstudio-project/nerfstudio,71,0,2026-02-03T00:00:00
milesial/Pytorch-UNet,27,0,2026-02-03T00:00:00
speechbrain/speechbrain,79,0,2026-02-03T00:00:00
Doriandarko/claude-engineer,1,0,2026-02-03T00:00:00
rougier/scientific-visualization-book,44,0,2026-02-03T00:00:00
great-expectations/great_expectations,66,0,2026-02-03T00:00:00
tweepy/tweepy,40,0,2026-02-03T00:00:00
giampaolo/psutil,86,0,2026-02-03T00:00:00
aws/chalice,68,0,2026-02-03T00:00:00
simonw/llm,56,0,2026-02-03T00:00:00
kornia/kornia,64,0,2026-02-03T00:00:00
2025Emma/vibe-coding-cn,0,0,2026-02-03T00:00:00
microsoft/promptflow,44,0,2026-02-03T00:00:00
BeehiveInnovations/pal-mcp-server,45,0,2026-02-03T00:00:00
HKUDS/AI-Trader,31,0,2026-02-03T00:00:00
wsvincent/awesome-django,68,0,2026-02-03T00:00:00
rushter/MLAlgorithms,39,0,2026-02-03T00:00:00
kkroening/ffmpeg-python,67,0,2026-02-03T00:00:00
SparkAudio/Spark-TTS,5,0,2026-02-03T00:00:00
magic-research/magic-animate,0,0,2026-02-03T00:00:00
numba/numba,66,0,2026-02-03T00:00:00
openai/DALL-E,0,0,2026-02-03T00:00:00
Chia-Network/chia-blockchain,62,0,2026-02-03T00:00:00
aristocratos/bpytop,45,0,2026-02-03T00:00:00
gleitz/howdoi,77,0,2026-02-03T00:00:00
wandb/wandb,89,0,2026-02-03T00:00:00
aboul3la/Sublist3r,34,0,2026-02-03T00:00:00
waydroid/waydroid,72,0,2026-02-03T00:00:00
cupy/cupy,90,0,2026-02-03T00:00:00
huggingface/text-generation-inference,89,0,2026-02-03T00:00:00
kedro-org/kedro,71,0,2026-02-03T00:00:00
simonw/datasette,70,0,2026-02-03T00:00:00
bytedance/trae-agent,78,0,2026-02-03T00:00:00
AlessandroZ/LaZagne,87,0,2026-02-03T00:00:00
django-cms/django-cms,90,0,2026-02-03T00:00:00
cumulo-autumn/StreamDiffusion,41,0,2026-02-03T00:00:00
microsoft/RD-Agent,82,0,2026-02-03T00:00:00
rq/rq,81,0,2026-02-03T00:00:00
dabeaz-course/practical-python,28,0,2026-02-03T00:00:00
ultralytics/yolov3,82,0,2026-02-03T00:00:00
doccano/doccano,61,0,2026-02-03T00:00:00
twitter/the-algorithm-ml,0,0,2026-02-03T00:00:00
amueller/word_cloud,57,0,2026-02-03T00:00:00
nodejs/node-gyp,84,0,2026-02-03T00:00:00
langchain-ai/open_deep_research,50,0,2026-02-03T00:00:00
thumbor/thumbor,60,0,2026-02-03T00:00:00
jxxghp/MoviePilot,91,0,2026-02-03T00:00:00
lucidrains/denoising-diffusion-pytorch,33,0,2026-02-03T00:00:00
Yorko/mlcourse.ai,82,0,2026-02-03T00:00:00
benoitc/gunicorn,35,0,2026-02-03T00:00:00
iam-veeramalla/aws-devops-zero-to-hero,3,0,2026-02-03T00:00:00
Kludex/uvicorn,67,0,2026-02-03T00:00:00
modin-project/modin,84,0,2026-02-03T00:00:00
harelba/q,46,0,2026-02-03T00:00:00
facebookresearch/xformers,68,0,2026-02-03T00:00:00
Megvii-BaseDetection/YOLOX,50,0,2026-02-03T00:00:00
voxel51/fiftyone,90,0,2026-02-03T00:00:00
pcqpcq/open-source-android-apps,81,0,2026-02-03T00:00:00
triton-inference-server/server,93,0,2026-02-03T00:00:00
shiyu-coder/Kronos,14,0,2026-02-03T00:00:00
karpathy/minbpe,9,0,2026-02-03T00:00:00
pennersr/django-allauth,49,0,2026-02-03T00:00:00
3b1b/videos,9,0,2026-02-03T00:00:00
prompt-toolkit/python-prompt-toolkit,86,0,2026-02-03T00:00:00
vega/altair,91,0,2026-02-03T00:00:00
fossasia/visdom,91,0,2026-02-03T00:00:00
AIGC-Audio/AudioGPT,22,0,2026-02-03T00:00:00
Jack-Cherish/Machine-Learning,4,0,2026-02-03T00:00:00
EvanLi/Github-Ranking,2,0,2026-02-03T00:00:00
ParthJadhav/Tkinter-Designer,79,0,2026-02-03T00:00:00
ymcui/Chinese-BERT-wwm,1,0,2026-02-03T00:00:00
facebookresearch/hydra,76,0,2026-02-03T00:00:00
pipecat-ai/pipecat,81,0,2026-02-03T00:00:00
OthersideAI/self-operating-computer,48,0,2026-02-03T00:00:00
paralax/awesome-honeypots,91,0,2026-02-03T00:00:00
Physical-Intelligence/openpi,58,0,2026-02-03T00:00:00
megadose/holehe,47,0,2026-02-03T00:00:00
google/magika,75,0,2026-02-03T00:00:00
pypa/pip,65,29,2026-02-03T00:00:00
SigmaHQ/sigma,83,0,2026-02-03T00:00:00
thu-ml/tianshou,79,0,2026-02-03T00:00:00
gibbok/typescript-book,92,0,2026-02-03T00:00:00
sissbruecker/linkding,82,0,2026-02-03T00:00:00
qodo-ai/pr-agent,61,0,2026-02-03T00:00:00
rwv/chinese-dos-games,2,0,2026-02-03T00:00:00
gruns/icecream,40,0,2026-02-03T00:00:00
Theano/Theano,79,0,2026-02-03T00:00:00
JoeanAmier/XHS-Downloader,6,0,2026-02-03T00:00:00
pwndbg/pwndbg,86,0,2026-02-03T00:00:00
HKUDS/DeepTutor,51,0,2026-02-03T00:00:00
abetlen/llama-cpp-python,61,0,2026-02-03T00:00:00
rany2/edge-tts,75,0,2026-02-03T00:00:00
bigscience-workshop/petals,78,0,2026-02-03T00:00:00
google-deepmind/sonnet,40,0,2026-02-03T00:00:00
bunkerity/bunkerweb,49,0,2026-02-03T00:00:00
yutiansut/QUANTAXIS,86,0,2026-02-03T00:00:00
autogluon/autogluon,81,0,2026-02-03T00:00:00
chengazhen/cursor-auto-free,24,0,2026-02-03T00:00:00
microsoft/fluentui-emoji,28,0,2026-02-03T00:00:00
IdreesInc/Monocraft,41,0,2026-02-03T00:00:00
OpenMined/PySyft,74,0,2026-02-03T00:00:00
healthchecks/healthchecks,55,0,2026-02-03T00:00:00
facebookresearch/nougat,15,0,2026-02-03T00:00:00
Tongyi-MAI/Z-Image,11,0,2026-02-03T00:00:00
TEN-framework/ten-framework,92,0,2026-02-03T00:00:00
yichuan-w/LEANN,82,0,2026-02-03T00:00:00
py-pdf/pypdf,91,0,2026-02-03T00:00:00
falconry/falcon,85,0,2026-02-03T00:00:00
facebookresearch/pytorch3d,1,0,2026-02-03T00:00:00
vishnubob/wait-for-it,13,0,2026-02-03T00:00:00
OpenGVLab/InternVL,70,0,2026-02-03T00:00:00
facebookresearch/pifuhd,12,0,2026-02-03T00:00:00
Netflix/metaflow,80,0,2026-02-03T00:00:00
The-Pocket/PocketFlow,28,0,2026-02-03T00:00:00
jiaaro/pydub,58,0,2026-02-03T00:00:00
facebookresearch/demucs,54,0,2026-02-03T00:00:00
Acly/krita-ai-diffusion,71,0,2026-02-03T00:00:00
espnet/espnet,58,0,2026-02-03T00:00:00
yzhao062/pyod,75,0,2026-02-03T00:00:00
simular-ai/Agent-S,41,0,2026-02-03T00:00:00
open-mmlab/Amphion,78,0,2026-02-03T00:00:00
boto/boto3,85,0,2026-02-03T00:00:00
IDEA-Research/GroundingDINO,36,0,2026-02-03T00:00:00
paramiko/paramiko,10,0,2026-02-03T00:00:00
jsvine/pdfplumber,70,0,2026-02-03T00:00:00
QuentinFuxa/WhisperLiveKit,52,0,2026-02-03T00:00:00
drivendataorg/cookiecutter-data-science,52,0,2026-02-03T00:00:00
xuebinqin/U-2-Net,11,0,2026-02-03T00:00:00
frappe/frappe,93,0,2026-02-03T00:00:00
microsoft/magentic-ui,53,0,2026-02-03T00:00:00
coursera-dl/coursera-dl,67,0,2026-02-03T00:00:00
jadore801120/attention-is-all-you-need-pytorch,5,0,2026-02-03T00:00:00
tflearn/tflearn,83,0,2026-02-03T00:00:00
geerlingguy/ansible-for-devops,46,0,2026-02-03T00:00:00
open-mmlab/mmsegmentation,62,0,2026-02-03T00:00:00
KittenML/KittenTTS,0,0,2026-02-03T00:00:00
lutris/lutris,81,0,2026-02-03T00:00:00
shmilylty/OneForAll,46,0,2026-02-03T00:00:00
taojy123/KeymouseGo,41,0,2026-02-03T00:00:00
kyutai-labs/moshi,98,0,2026-02-03T00:00:00
aws/serverless-application-model,81,0,2026-02-03T00:00:00
BlinkDL/ChatRWKV,48,0,2026-02-03T00:00:00
seemoo-lab/opendrop,7,0,2026-02-03T00:00:00
sloria/TextBlob,83,0,2026-02-03T00:00:00
scrapinghub/portia,88,0,2026-02-03T00:00:00
huggingface/accelerate,74,0,2026-02-03T00:00:00
sktime/sktime,69,0,2026-02-03T00:00:00
nlpxucan/WizardLM,52,0,2026-02-03T00:00:00
pymc-devs/pymc,61,0,2026-02-03T00:00:00
WongKinYiu/yolov9,0,0,2026-02-03T00:00:00
sqlfluff/sqlfluff,91,0,2026-02-03T00:00:00
YaoFANGUK/video-subtitle-remover,4,0,2026-02-03T00:00:00
dataabc/weiboSpider,56,0,2026-02-03T00:00:00
MorvanZhou/Reinforcement-learning-with-tensorflow,8,0,2026-02-03T00:00:00
malwaredllc/byob,25,0,2026-02-03T00:00:00
KoljaB/RealtimeSTT,26,0,2026-02-03T00:00:00
moesnow/March7thAssistant,83,0,2026-02-03T00:00:00
skypilot-org/skypilot,82,0,2026-02-03T00:00:00
blacklanternsecurity/bbot,85,0,2026-02-03T00:00:00
FMInference/FlexLLMGen,48,0,2026-02-03T00:00:00
arogozhnikov/einops,82,0,2026-02-03T00:00:00
shidahuilang/shuyuan,6,0,2026-02-03T00:00:00
polarsource/polar,78,0,2026-02-03T00:00:00
zyddnys/manga-image-translator,77,0,2026-02-03T00:00:00
hoochanlon/hamulete,14,0,2026-02-03T00:00:00
shidenggui/easytrader,59,0,2026-02-03T00:00:00
ostris/ai-toolkit,29,0,2026-02-03T00:00:00
iam-veeramalla/Jenkins-Zero-To-Hero,2,0,2026-02-03T00:00:00
ihmily/DouyinLiveRecorder,34,0,2026-02-03T00:00:00
PaddlePaddle/PaddleSeg,74,0,2026-02-03T00:00:00
keras-team/autokeras,84,0,2026-02-03T00:00:00
vikhyat/moondream,69,0,2026-02-03T00:00:00
ollama/ollama-python,58,0,2026-02-03T00:00:00
bytedance/monolith,0,0,2026-02-03T00:00:00
voicepaw/so-vits-svc-fork,90,0,2026-02-03T00:00:00
livekit/agents,83,0,2026-02-03T00:00:00
offa/android-foss,80,0,2026-02-03T00:00:00
PeterL1n/RobustVideoMatting,7,0,2026-02-03T00:00:00
dr5hn/countries-states-cities-database,88,0,2026-02-03T00:00:00
Lightricks/LTX-Video,24,0,2026-02-03T00:00:00
conan-io/conan,84,0,2026-02-03T00:00:00
xonsh/xonsh,80,0,2026-02-03T00:00:00
ZhuLinsen/daily_stock_analysis,32,0,2026-02-03T00:00:00
canonical/microk8s,23,0,2026-02-03T00:00:00
lauris/awesome-scala,86,0,2026-02-03T00:00:00
opendatalab/PDF-Extract-Kit,33,0,2026-02-03T00:00:00
facebook/chisel,71,0,2026-02-03T00:00:00
ctf-wiki/ctf-wiki,91,0,2026-02-03T00:00:00
unit8co/darts,92,0,2026-02-03T00:00:00
bytedance/UI-TARS,13,0,2026-02-03T00:00:00
yzhao062/anomaly-detection-resources,23,0,2026-02-03T00:00:00
AirtestProject/Airtest,63,0,2026-02-03T00:00:00
spyder-ide/spyder,94,0,2026-02-03T00:00:00
hanxi/xiaomusic,84,0,2026-02-03T00:00:00
httpie/http-prompt,87,0,2026-02-03T00:00:00
je-suis-tm/quant-trading,3,0,2026-02-03T00:00:00
khuedoan/homelab,35,0,2026-02-03T00:00:00
yihong0618/bilingual_book_maker,90,0,2026-02-03T00:00:00
dylanaraps/pywal,61,0,2026-02-03T00:00:00
vwxyzjn/cleanrl,70,0,2026-02-03T00:00:00
pytorch/tutorials,57,0,2026-02-03T00:00:00
arrow-py/arrow,86,0,2026-02-03T00:00:00
xorbitsai/inference,78,0,2026-02-03T00:00:00
togethercomputer/OpenChatKit,60,0,2026-02-03T00:00:00
Supervisor/supervisor,58,0,2026-02-03T00:00:00
pymupdf/PyMuPDF,85,0,2026-02-03T00:00:00
pyro-ppl/pyro,93,0,2026-02-03T00:00:00
originalankur/maptoposter,20,0,2026-02-03T00:00:00
facebookresearch/ImageBind,17,0,2026-02-03T00:00:00
pydantic/FastUI,80,0,2026-02-03T00:00:00
Uberi/speech_recognition,66,0,2026-02-03T00:00:00
n1nj4sec/pupy,42,0,2026-02-03T00:00:00
evilsocket/pwnagotchi,47,0,2026-02-03T00:00:00
OpenRLHF/OpenRLHF,75,0,2026-02-03T00:00:00
NVIDIA/apex,81,0,2026-02-03T00:00:00
jianchang512/clone-voice,3,0,2026-02-03T00:00:00
D4Vinci/Scrapling,43,0,2026-02-03T00:00:00
jzhang38/TinyLlama,28,0,2026-02-03T00:00:00
ValueCell-ai/valuecell,91,0,2026-02-03T00:00:00
vitalik/django-ninja,61,0,2026-02-03T00:00:00
OctoPrint/OctoPrint,73,0,2026-02-03T00:00:00
sensepost/objection,63,0,2026-02-03T00:00:00
tobymao/sqlglot,95,0,2026-02-03T00:00:00
platformio/platformio-core,49,0,2026-02-03T00:00:00
OlafenwaMoses/ImageAI,33,0,2026-02-03T00:00:00
clips/pattern,37,0,2026-02-03T00:00:00
kivy/python-for-android,72,0,2026-02-03T00:00:00
yusufkaraaslan/Skill_Seekers,39,0,2026-02-03T00:00:00
langchain-ai/deepagents,85,0,2026-02-03T00:00:00
oumi-ai/oumi,89,0,2026-02-03T00:00:00
vvbbnn00/WARP-Clash-API,39,0,2026-02-03T00:00:00
LmeSzinc/AzurLaneAutoScript,73,0,2026-02-03T00:00:00
lazyprogrammer/machine_learning_examples,2,0,2026-02-03T00:00:00
saulpw/visidata,88,0,2026-02-03T00:00:00
bytedance/Dolphin,7,0,2026-02-03T00:00:00
Arindam200/awesome-ai-apps,66,0,2026-02-03T00:00:00
domlysz/BlenderGIS,26,0,2026-02-03T00:00:00
zai-org/CodeGeeX,22,0,2026-02-03T00:00:00
Usagi-org/ai-goofish-monitor,92,0,2026-02-03T00:00:00
bottlepy/bottle,36,0,2026-02-03T00:00:00
miguelgrinberg/flasky,0,0,2026-02-03T00:00:00
nashsu/FreeAskInternet,0,0,2026-02-03T00:00:00
mouredev/hello-sql,0,0,2026-02-03T00:00:00
modelscope/modelscope,84,0,2026-02-03T00:00:00
googleapis/google-api-python-client,83,2,2026-02-03T00:00:00
fishaudio/Bert-VITS2,85,0,2026-02-03T00:00:00
eternnoir/pyTelegramBotAPI,69,5,2026-02-03T00:00:00
apple/ml-ferret,0,0,2026-02-03T00:00:00
intel/ipex-llm,79,0,2026-02-03T00:00:00
hardikvasa/google-images-download,41,0,2026-02-03T00:00:00
fudan-generative-vision/hallo,38,0,2026-02-03T00:00:00
ermaozi/get_subscribe,0,0,2026-02-03T00:00:00
theskumar/python-dotenv,78,0,2026-02-03T00:00:00
mage-ai/mage-ai,87,0,2026-02-03T00:00:00
mps-youtube/yewtube,63,0,2026-02-03T00:00:00
ccxt/binance-trade-bot,40,0,2026-02-03T00:00:00
hunshcn/gh-proxy,12,0,2026-02-03T00:00:00
Kozea/WeasyPrint,84,0,2026-02-03T00:00:00
agentskills/agentskills,25,0,2026-02-03T00:00:00
jofpin/trape,25,0,2026-02-03T00:00:00
garrettj403/SciencePlots,32,0,2026-02-03T00:00:00
yandex/gixy,52,0,2026-02-03T00:00:00
pdm-project/pdm,89,0,2026-02-03T00:00:00
bayesian-optimization/BayesianOptimization,82,0,2026-02-03T00:00:00
OpenPipe/ART,86,0,2026-02-03T00:00:00
krishnaik06/The-Grand-Complete-Data-Science-Materials,57,0,2026-02-03T00:00:00
kellyjonbrazil/jc,88,0,2026-02-03T00:00:00
OpenSPG/KAG,83,0,2026-02-03T00:00:00
HKUDS/AutoAgent,5,0,2026-02-03T00:00:00
OptimalScale/LMFlow,80,0,2026-02-03T00:00:00
MVIG-SJTU/AlphaPose,31,0,2026-02-03T00:00:00
OpenBMB/XAgent,61,0,2026-02-03T00:00:00
langchain-ai/local-deep-researcher,21,0,2026-02-03T00:00:00
houtianze/bypy,52,0,2026-02-03T00:00:00
Sitoi/dailycheckin,17,0,2026-02-03T00:00:00
vaexio/vaex,82,0,2026-02-03T00:00:00
angr/angr,93,0,2026-02-03T00:00:00
bridgecrewio/checkov,54,0,2026-02-03T00:00:00
mopidy/mopidy,88,0,2026-02-03T00:00:00
HypothesisWorks/hypothesis,91,0,2026-02-03T00:00:00
Johnserf-Seed/TikTokDownload,9,0,2026-02-03T00:00:00
netease-youdao/EmotiVoice,8,0,2026-02-03T00:00:00
lucidrains/imagen-pytorch,33,0,2026-02-03T00:00:00
jupyter/docker-stacks,94,0,2026-02-03T00:00:00
bentoml/BentoML,94,0,2026-02-03T00:00:00
gelstudios/gitfiti,30,0,2026-02-03T00:00:00
YaoFANGUK/video-subtitle-extractor,39,0,2026-02-03T00:00:00
aladdinpersson/Machine-Learning-Collection,11,0,2026-02-03T00:00:00
dreammis/social-auto-upload,18,0,2026-02-03T00:00:00
firmai/financial-machine-learning,9,0,2026-02-03T00:00:00
PantsuDango/Dango-Translator,8,0,2026-02-03T00:00:00
spesmilo/electrum,88,0,2026-02-03T00:00:00
nebuly-ai/optimate,83,0,2026-02-03T00:00:00
lllyasviel/IC-Light,0,0,2026-02-03T00:00:00
django-commons/django-debug-toolbar,83,0,2026-02-03T00:00:00
nl8590687/ASRT_SpeechRecognition,17,0,2026-02-03T00:00:00
google/adk-samples,82,0,2026-02-03T00:00:00
elebumm/RedditVideoMakerBot,6,0,2026-02-03T00:00:00
facebookresearch/DiT,1,0,2026-02-03T00:00:00
lawlite19/MachineLearning_Python,2,0,2026-02-03T00:00:00
jd/tenacity,81,0,2026-02-03T00:00:00
davidkimai/Context-Engineering,14,0,2026-02-03T00:00:00
readthedocs/readthedocs.org,77,0,2026-02-03T00:00:00
google/trax,56,0,2026-02-03T00:00:00
CASIA-LMC-Lab/FastSAM,26,0,2026-02-03T00:00:00
llamastack/llama-stack,76,0,2026-02-03T00:00:00
google-deepmind/pysc2,0,0,2026-02-03T00:00:00
graphql-python/graphene,69,0,2026-02-03T00:00:00
jupyterhub/jupyterhub,96,0,2026-02-03T00:00:00
stamparm/maltrail,87,0,2026-02-03T00:00:00
facebookresearch/mae,0,0,2026-02-03T00:00:00
mherrmann/helium,14,0,2026-02-03T00:00:00
hiddify/Hiddify-Manager,69,0,2026-02-03T00:00:00
ml-explore/mlx-examples,67,0,2026-02-03T00:00:00
utkuozbulak/pytorch-cnn-visualizations,4,0,2026-02-03T00:00:00
detailyang/awesome-cheatsheet,88,0,2026-02-03T00:00:00
pwr-Solaar/Solaar,88,0,2026-02-03T00:00:00
kangvcar/InfoSpider,19,0,2026-02-03T00:00:00
librosa/librosa,79,0,2026-02-03T00:00:00
getmoto/moto,97,0,2026-02-03T00:00:00
reactive-python/reactpy,76,0,2026-02-03T00:00:00
cheahjs/free-llm-api-resources,67,0,2026-02-03T00:00:00
brycedrennan/imaginAIry,86,0,2026-02-03T00:00:00
crazyguitar/pysheeet,69,0,2026-02-03T00:00:00
vietnh1009/ASCII-generator,0,0,2026-02-03T00:00:00
jackzhenguo/python-small-examples,25,0,2026-02-03T00:00:00
patroni/patroni,83,0,2026-02-03T00:00:00
carson-katri/dream-textures,92,0,2026-02-03T00:00:00
XPixelGroup/BasicSR,65,0,2026-02-03T00:00:00
lmcinnes/umap,93,0,2026-02-03T00:00:00
snakers4/silero-vad,94,0,2026-02-03T00:00:00
Ucas-HaoranWei/GOT-OCR2.0,0,0,2026-02-03T00:00:00
muratcankoylan/Agent-Skills-for-Context-Engineering,26,0,2026-02-03T00:00:00
PaddlePaddle/PaddleGAN,69,0,2026-02-03T00:00:00
vastsa/FileCodeBox,31,0,2026-02-03T00:00:00
TeamWiseFlow/wiseflow,26,0,2026-02-03T00:00:00
google/diff-match-patch,9,0,2026-02-03T00:00:00
Future-House/paper-qa,92,0,2026-02-03T00:00:00
CVHub520/X-AnyLabeling,58,0,2026-02-03T00:00:00
automl/auto-sklearn,26,0,2026-02-03T00:00:00
openai/jukebox,19,0,2026-02-03T00:00:00
awslabs/mcp,22,0,2026-02-03T00:00:00
TingsongYu/PyTorch_Tutorial,3,0,2026-02-03T00:00:00
